periodname,county,brucellosis,rift_valley_fever,anthrax,brucella
April 2022,Embu County,66,,,471
April 2022,Nandi County,434,,,1118
April 2022,Turkana County,183,34,,573
April 2022,Laikipia County,9,,,154
April 2022,Elgeyo Marakwet County,357,,,962
April 2022,Siaya County,55,,,218
April 2022,Nakuru County,332,,,1854
April 2022,Kisii County,501,,,2221
April 2022,Muranga County,31,,1,56
April 2022,Kisumu County,88,,170,670
April 2022,Kiambu County,59,,,172
April 2022,Taita Taveta County,7,,,51
April 2022,Tana River County,20,,1,176
April 2022,Kilifi County,22,,,63
April 2022,Machakos County,31,,1,207
April 2022,Narok County,365,,,1510
April 2022,Nyandarua County,35,,,418
April 2022,Kericho County,374,,189,1541
April 2022,West Pokot County,445,,,1998
April 2022,Kakamega County,114,,,662
April 2022,Bungoma County,672,,,3096
April 2022,Bomet County,87,,7,447
April 2022,Samburu County,30,,,263
April 2022,Wajir County,37,,8,266
April 2022,Meru County,167,,,230
April 2022,Uasin Gishu County,290,,,1400
April 2022,Vihiga County,42,,,244
April 2022,Mombasa County,1,,,18
April 2022,Tharaka Nithi County,86,,,323
April 2022,Makueni County,69,,21,269
April 2022,Mandera County,71,,,797
April 2022,Homa Bay County,199,,5,784
April 2022,Kwale County,13,,,
April 2022,Nyeri County,7,,,125
April 2022,Garissa County,70,,,731
April 2022,Kirinyaga County,7,,,91
April 2022,Busia County,76,,,328
April 2022,Kajiado County,152,,,707
April 2022,Nairobi County,290,,,705
April 2022,Migori County,324,,57,962
April 2022,Nyamira County,113,,,400
April 2022,Baringo County,263,,,867
April 2022,Kitui County,121,,,420
April 2022,Isiolo County,155,,,611
April 2022,Marsabit County,98,,,321
April 2022,Trans Nzoia County,607,,,1823
April 2023,Kirinyaga County,13,,,107
April 2023,Makueni County,73,,,135
April 2023,Kisii County,623,,5,3973
April 2023,Taita Taveta County,10,,,66
April 2023,Kisumu County,150,,2,633
April 2023,Kwale County,9,,,5
April 2023,Homa Bay County,222,,,623
April 2023,Embu County,36,,,497
April 2023,Wajir County,24,,,321
April 2023,Elgeyo Marakwet County,450,,,551
April 2023,Nandi County,406,,,1099
April 2023,Turkana County,111,,,718
April 2023,Muranga County,8,,1,41
April 2023,Kericho County,670,,,2536
April 2023,Bungoma County,656,,,2382
April 2023,Bomet County,63,,6,634
April 2023,Laikipia County,33,,,389
April 2023,Busia County,100,,,569
April 2023,Migori County,522,,,941
April 2023,Narok County,733,,2,1598
April 2023,Tana River County,19,,2,58
April 2023,Isiolo County,60,,,253
April 2023,Mandera County,36,,,535
April 2023,Nairobi County,103,124,22,863
April 2023,West Pokot County,302,,,1383
April 2023,Nyandarua County,44,,,300
April 2023,Nyamira County,230,,105,600
April 2023,Kajiado County,203,1,3,642
April 2023,Kakamega County,187,9,1,882
April 2023,Machakos County,19,,1,209
April 2023,Tharaka Nithi County,42,,,427
April 2023,Garissa County,62,,,547
April 2023,Kiambu County,12,,,127
April 2023,Nyeri County,16,,,91
April 2023,Samburu County,24,,,327
April 2023,Siaya County,84,,3,500
April 2023,Kilifi County,,,22,10
April 2023,Lamu County,1,,5,1
April 2023,Uasin Gishu County,610,,65,1429
April 2023,Nakuru County,326,,2,2108
April 2023,Vihiga County,30,,1,157
April 2023,Mombasa County,1,,67,25
April 2023,Baringo County,353,,,901
April 2023,Trans Nzoia County,322,,,1954
April 2023,Kitui County,87,,,403
April 2023,Marsabit County,119,,,367
April 2023,Meru County,148,,146,133
April 2024,Tharaka Nithi County,34,,1,370
April 2024,Nairobi County,76,,97,755
April 2024,Mandera County,67,,,227
April 2024,Kakamega County,117,,5,578
April 2024,West Pokot County,397,,,1411
April 2024,Kajiado County,81,,,474
April 2024,Mombasa County,1,,39,12
April 2024,Narok County,613,,,1277
April 2024,Wajir County,56,,,545
April 2024,Kwale County,23,,17,15
April 2024,Garissa County,86,,,778
April 2024,Homa Bay County,106,,340,664
April 2024,Nyeri County,,,,131
April 2024,Tana River County,21,,,99
April 2024,Lamu County,1,,,1
April 2024,Muranga County,51,,,56
April 2024,Kericho County,396,,,1379
April 2024,Embu County,33,,,351
April 2024,Laikipia County,30,,,160
April 2024,Turkana County,161,,,685
April 2024,Nyandarua County,9,,,170
April 2024,Elgeyo Marakwet County,357,,,1084
April 2024,Bungoma County,557,,,2258
April 2024,Bomet County,155,,,498
April 2024,Kisumu County,112,,131,429
April 2024,Taita Taveta County,5,,,54
April 2024,Nakuru County,281,,,2261
April 2024,Kilifi County,9,,75,22
April 2024,Nandi County,395,,,1238
April 2024,Kisii County,489,,,3001
April 2024,Machakos County,39,,,200
April 2024,Nyamira County,171,,,508
April 2024,Kiambu County,20,,,58
April 2024,Vihiga County,96,,4,142
April 2024,Baringo County,299,,,831
April 2024,Kitui County,91,,,308
April 2024,Uasin Gishu County,428,,1,1079
April 2024,Makueni County,31,,,74
April 2024,Migori County,287,,,1375
April 2024,Samburu County,25,,,99
April 2024,Kirinyaga County,6,,,65
April 2024,Siaya County,43,,5,330
April 2024,Meru County,34,,1,176
April 2024,Busia County,44,,,232
April 2024,Isiolo County,26,,,131
April 2024,Marsabit County,156,,3,506
April 2024,Trans Nzoia County,267,,1,1143
August 2022,Garissa County,65,,,557
August 2022,Bungoma County,759,,,3136
August 2022,Mombasa County,4,,1,34
August 2022,Meru County,76,,,123
August 2022,Wajir County,45,,,378
August 2022,West Pokot County,357,,,1775
August 2022,Kakamega County,183,,5,649
August 2022,Nairobi County,183,,,1165
August 2022,Isiolo County,98,,,272
August 2022,Kajiado County,84,,,537
August 2022,Bomet County,62,,2,240
August 2022,Samburu County,40,,,242
August 2022,Kitui County,53,,,423
August 2022,Trans Nzoia County,302,,,1392
August 2022,Baringo County,371,,,966
August 2022,Nyandarua County,150,,,504
August 2022,Makueni County,73,,,205
August 2022,Tana River County,26,,4,108
August 2022,Narok County,328,,,1768
August 2022,Uasin Gishu County,353,,,1321
August 2022,Mandera County,89,,,374
August 2022,Kisii County,538,,,2656
August 2022,Taita Taveta County,8,,,63
August 2022,Lamu County,1,,,1
August 2022,Homa Bay County,185,,,662
August 2022,Kisumu County,92,,1,497
August 2022,Kilifi County,7,,14,12
August 2022,Siaya County,99,,,395
August 2022,Nakuru County,643,,1,1993
August 2022,Turkana County,135,,,859
August 2022,Nandi County,520,,97,877
August 2022,Elgeyo Marakwet County,417,,,1208
August 2022,Kirinyaga County,2,,,110
August 2022,Embu County,61,,,523
August 2022,Marsabit County,182,,,377
August 2022,Laikipia County,55,,,152
August 2022,Kiambu County,56,,,99
August 2022,Kericho County,570,,,2106
August 2022,Busia County,108,,,281
August 2022,Migori County,477,,70,1140
August 2022,Vihiga County,68,,,265
August 2022,Muranga County,9,,,95
August 2022,Nyamira County,112,,,724
August 2022,Kwale County,4,,,8
August 2022,Tharaka Nithi County,122,,1,335
August 2022,Machakos County,60,,,159
August 2022,Nyeri County,1,,,135
August 2023,Laikipia County,28,,2,476
August 2023,Nandi County,519,,,1223
August 2023,Turkana County,225,,,1049
August 2023,Elgeyo Marakwet County,671,,,1766
August 2023,Muranga County,9,,,28
August 2023,Nakuru County,460,,1,2555
August 2023,Nyandarua County,35,,,362
August 2023,Kericho County,608,,,2868
August 2023,Nyamira County,202,,,1017
August 2023,Siaya County,93,,,405
August 2023,Trans Nzoia County,337,,,1683
August 2023,Embu County,85,,,458
August 2023,Mandera County,43,,,622
August 2023,Kakamega County,252,,5,838
August 2023,West Pokot County,486,,,2225
August 2023,Narok County,940,,,2351
August 2023,Taita Taveta County,17,,,112
August 2023,Kirinyaga County,6,,,79
August 2023,Nairobi County,117,3,59,750
August 2023,Makueni County,74,,,41
August 2023,Garissa County,87,,,553
August 2023,Kilifi County,24,,,45
August 2023,Tana River County,39,,5,112
August 2023,Lamu County,2,,,
August 2023,Kisii County,697,,1,3577
August 2023,Vihiga County,132,,,263
August 2023,Homa Bay County,302,,,584
August 2023,Baringo County,417,,,1022
August 2023,Uasin Gishu County,380,,2,1878
August 2023,Wajir County,57,,,686
August 2023,Samburu County,66,,,368
August 2023,Mombasa County,2,,4,17
August 2023,Bungoma County,629,,,3170
August 2023,Meru County,45,,1,170
August 2023,Kitui County,165,,,486
August 2023,Bomet County,158,,,784
August 2023,Marsabit County,166,,,590
August 2023,Kajiado County,120,,1022,751
August 2023,Isiolo County,76,,,270
August 2023,Busia County,104,,,554
August 2023,Kisumu County,117,,,661
August 2023,Migori County,386,,4,1491
August 2023,Kiambu County,18,,,126
August 2023,Nyeri County,12,,2,223
August 2023,Tharaka Nithi County,59,,28,465
August 2023,Machakos County,47,,,294
August 2023,Kwale County,16,,,13
August 2024,Marsabit County,140,,,535
August 2024,Makueni County,92,,,87
August 2024,Kitui County,169,,,516
August 2024,Kirinyaga County,5,,,58
August 2024,Vihiga County,64,,,236
August 2024,Baringo County,324,,,1285
August 2024,Bomet County,113,,,969
August 2024,Meru County,42,,,75
August 2024,Lamu County,6,,1,6
August 2024,Kilifi County,19,,,15
August 2024,Garissa County,78,,,543
August 2024,Turkana County,200,,,432
August 2024,Samburu County,28,,,199
August 2024,Mombasa County,10,,,9
August 2024,Wajir County,83,,,663
August 2024,Homa Bay County,170,,,1056
August 2024,Mandera County,90,,,979
August 2024,Nairobi County,135,4,183,718
August 2024,Taita Taveta County,11,,,100
August 2024,Uasin Gishu County,552,,,1814
August 2024,Kisii County,713,,,3520
August 2024,Tana River County,21,,2,128
August 2024,Nyandarua County,34,,,281
August 2024,Migori County,344,,,1155
August 2024,Busia County,42,,440,472
August 2024,Nyamira County,288,,,616
August 2024,Kiambu County,24,,,77
August 2024,Kericho County,394,,,1708
August 2024,Muranga County,2,,66,23
August 2024,Narok County,752,,14,2158
August 2024,Isiolo County,43,2,1,267
August 2024,Kakamega County,151,1,,613
August 2024,West Pokot County,520,,,1964
August 2024,Elgeyo Marakwet County,558,,,1483
August 2024,Kajiado County,118,,7,723
August 2024,Laikipia County,20,,1,149
August 2024,Trans Nzoia County,305,,,1795
August 2024,Bungoma County,736,,,2425
August 2024,Embu County,54,,,398
August 2024,Nyeri County,,,58,151
August 2024,Nakuru County,379,,,1767
August 2024,Siaya County,64,,,505
August 2024,Nandi County,508,,,1266
August 2024,Kisumu County,148,,,482
August 2024,Machakos County,25,,2,99
August 2024,Tharaka Nithi County,63,,,589
August 2024,Kwale County,2,,,
December 2022,Kajiado County,144,,,702
December 2022,Isiolo County,85,,14,314
December 2022,Trans Nzoia County,394,,,1811
December 2022,Narok County,591,,,1696
December 2022,Mombasa County,,,,43
December 2022,Kericho County,608,,,2214
December 2022,Tharaka Nithi County,34,,,464
December 2022,Tana River County,13,,,70
December 2022,Nairobi County,119,,9,945
December 2022,Mandera County,32,,,218
December 2022,Muranga County,7,,,61
December 2022,Kwale County,15,,4,33
December 2022,Machakos County,62,,,98
December 2022,Samburu County,34,,16,97
December 2022,Meru County,60,,,80
December 2022,Nyeri County,2,,,102
December 2022,Kitui County,109,,1,375
December 2022,Baringo County,412,,,1145
December 2022,Kiambu County,47,,,205
December 2022,Kisumu County,127,,,559
December 2022,Siaya County,101,,,392
December 2022,Nakuru County,426,,18,2184
December 2022,Migori County,496,,50,1189
December 2022,Nyamira County,160,,,681
December 2022,Busia County,62,,,463
December 2022,Vihiga County,36,,,231
December 2022,Taita Taveta County,8,,1,61
December 2022,Kirinyaga County,5,,,59
December 2022,Marsabit County,150,,,389
December 2022,Makueni County,32,,,192
December 2022,Kisii County,741,,,2726
December 2022,Kilifi County,14,,2,69
December 2022,Uasin Gishu County,346,,,1175
December 2022,Nandi County,305,,,797
December 2022,Elgeyo Marakwet County,441,,,1073
December 2022,Embu County,63,,,454
December 2022,Bomet County,41,,2,161
December 2022,Wajir County,32,,,205
December 2022,Lamu County,1,,,
December 2022,Homa Bay County,250,,,695
December 2022,Garissa County,58,,,566
December 2022,Laikipia County,21,,,80
December 2022,Bungoma County,775,,,2882
December 2022,West Pokot County,400,,,1888
December 2022,Nyandarua County,51,,,533
December 2022,Kakamega County,118,,2,655
December 2022,Turkana County,227,,,786
December 2023,Nakuru County,426,1,1,1963
December 2023,Kilifi County,37,,2,63
December 2023,Embu County,30,,,420
December 2023,Kisumu County,65,,,564
December 2023,Kisii County,622,,,3488
December 2023,Taita Taveta County,9,,,73
December 2023,Laikipia County,35,,,411
December 2023,Muranga County,16,,1,36
December 2023,Nandi County,480,,,962
December 2023,Marsabit County,169,,2,766
December 2023,Migori County,414,,83,1383
December 2023,Trans Nzoia County,283,,,1947
December 2023,Kiambu County,16,,,186
December 2023,Kirinyaga County,15,,,68
December 2023,Machakos County,26,,,89
December 2023,Kitui County,198,,,352
December 2023,Baringo County,232,,,677
December 2023,Isiolo County,53,,,646
December 2023,Nyamira County,160,,,830
December 2023,Busia County,115,,,570
December 2023,Siaya County,42,,,336
December 2023,Vihiga County,78,,,229
December 2023,Kajiado County,95,,4,758
December 2023,Meru County,33,,4,195
December 2023,Nyeri County,2,,2,173
December 2023,Wajir County,25,,,296
December 2023,Lamu County,3,,,4
December 2023,Bungoma County,970,,,2632
December 2023,Mombasa County,,1,,18
December 2023,Samburu County,24,,6,212
December 2023,Garissa County,63,,,673
December 2023,Homa Bay County,167,,1,882
December 2023,Uasin Gishu County,446,,,1222
December 2023,Mandera County,80,,,404
December 2023,Kwale County,,1,,3
December 2023,Tharaka Nithi County,57,,1,502
December 2023,Nairobi County,76,,7,721
December 2023,Makueni County,26,,,71
December 2023,Nyandarua County,24,,,279
December 2023,Narok County,614,,3,1559
December 2023,Tana River County,30,,12,255
December 2023,Kericho County,593,,,2486
December 2023,Bomet County,82,,1,684
December 2023,Elgeyo Marakwet County,509,,,1056
December 2023,West Pokot County,209,,,1401
December 2023,Turkana County,186,,,635
December 2023,Kakamega County,140,,,559
December 2024,Homa Bay County,109,2,3,619
December 2024,Uasin Gishu County,345,,,1100
December 2024,Kwale County,9,,,1
December 2024,Vihiga County,40,,,169
December 2024,Baringo County,339,,,907
December 2024,Bomet County,58,,,753
December 2024,Lamu County,,,,2
December 2024,Marsabit County,112,,,442
December 2024,Mombasa County,,,,45
December 2024,Meru County,42,,10,76
December 2024,Kitui County,114,,,385
December 2024,Makueni County,35,,,37
December 2024,Kirinyaga County,,,,42
December 2024,Samburu County,38,,,201
December 2024,Isiolo County,48,,2,101
December 2024,Kajiado County,49,,,527
December 2024,Tharaka Nithi County,44,,2,247
December 2024,Trans Nzoia County,239,,,1304
December 2024,Nyeri County,,,,122
December 2024,Kiambu County,12,,,60
December 2024,Siaya County,46,,,287
December 2024,Busia County,62,,,328
December 2024,Kisumu County,88,,,341
December 2024,Nyamira County,209,,,553
December 2024,Nakuru County,430,,182,1600
December 2024,Migori County,413,,9,854
December 2024,Elgeyo Marakwet County,490,,,890
December 2024,Embu County,22,,,217
December 2024,Laikipia County,18,,,88
December 2024,Machakos County,44,,1,112
December 2024,Tana River County,14,,,68
December 2024,Kilifi County,2,,,24
December 2024,Kericho County,316,,,1581
December 2024,Muranga County,23,,,37
December 2024,Nandi County,355,,,858
December 2024,Nairobi County,95,8,34,523
December 2024,West Pokot County,367,,,1313
December 2024,Kakamega County,85,3,,426
December 2024,Taita Taveta County,13,,,33
December 2024,Mandera County,32,,,596
December 2024,Kisii County,629,,,2897
December 2024,Garissa County,138,,,482
December 2024,Bungoma County,540,,,2552
December 2024,Nyandarua County,17,,,127
December 2024,Turkana County,170,,,616
December 2024,Wajir County,54,,,372
December 2024,Narok County,776,,,1760
February 2022,West Pokot County,494,,,2434
February 2022,Garissa County,65,,,911
February 2022,Nairobi County,189,,,654
February 2022,Kakamega County,136,,,611
February 2022,Meru County,97,,,292
February 2022,Mombasa County,1,,,21
February 2022,Wajir County,58,,,311
February 2022,Busia County,51,,,342
February 2022,Samburu County,33,,,206
February 2022,Trans Nzoia County,523,,,2396
February 2022,Kajiado County,100,,,588
February 2022,Nyandarua County,62,,,576
February 2022,Isiolo County,110,,,425
February 2022,Bungoma County,546,,34,3269
February 2022,Bomet County,54,,,768
February 2022,Kitui County,171,,,601
February 2022,Makueni County,28,,19,165
February 2022,Baringo County,619,,1803,1198
February 2022,Narok County,544,,3,1336
February 2022,Homa Bay County,212,,,422
February 2022,Uasin Gishu County,367,,,1551
February 2022,Lamu County,,,2,
February 2022,Mandera County,30,,,477
February 2022,Kilifi County,1,,,38
February 2022,Tana River County,18,,,120
February 2022,Kisii County,475,,,2034
February 2022,Kisumu County,61,,5,764
February 2022,Taita Taveta County,10,,,51
February 2022,Nakuru County,525,,,2006
February 2022,Elgeyo Marakwet County,479,,,1094
February 2022,Kirinyaga County,4,,,54
February 2022,Siaya County,46,,165,223
February 2022,Laikipia County,21,,,153
February 2022,Turkana County,207,,,735
February 2022,Marsabit County,164,,,277
February 2022,Embu County,71,,,422
February 2022,Kericho County,446,,16,1608
February 2022,Nyamira County,146,,,404
February 2022,Muranga County,6,,27,675
February 2022,Kiambu County,67,,,229
February 2022,Machakos County,69,,,116
February 2022,Vihiga County,82,,,245
February 2022,Migori County,440,,,1033
February 2022,Nandi County,615,6,,1454
February 2022,Nyeri County,4,,,116
February 2022,Kwale County,2,,,2
February 2022,Tharaka Nithi County,165,,,662
February 2023,Machakos County,52,,,170
February 2023,Laikipia County,24,,,77
February 2023,Kiambu County,19,,3,209
February 2023,Kericho County,704,,,2734
February 2023,Nyandarua County,55,,,442
February 2023,Migori County,399,,,1187
February 2023,Nakuru County,499,,,2191
February 2023,Busia County,85,,1,473
February 2023,Nyamira County,192,,,715
February 2023,Turkana County,162,,,747
February 2023,Embu County,120,,,545
February 2023,Siaya County,66,,,413
February 2023,Elgeyo Marakwet County,553,,,1467
February 2023,Isiolo County,155,,,437
February 2023,Kakamega County,141,,,729
February 2023,Nairobi County,767,,,917
February 2023,Trans Nzoia County,391,,,1804
February 2023,Narok County,579,,,1680
February 2023,Taita Taveta County,5,,,78
February 2023,Kirinyaga County,2,,,196
February 2023,Garissa County,175,,,566
February 2023,Mombasa County,,,,24
February 2023,Tana River County,36,,,132
February 2023,Lamu County,,,,7
February 2023,Kisii County,738,,,3488
February 2023,Makueni County,46,,,156
February 2023,Kilifi County,19,,,27
February 2023,Mandera County,68,,2,569
February 2023,Homa Bay County,263,,,825
February 2023,Uasin Gishu County,432,,,1653
February 2023,Vihiga County,69,,,233
February 2023,Kwale County,11,,2,
February 2023,Bomet County,71,,,629
February 2023,Baringo County,384,,1,1135
February 2023,Kitui County,112,,,448
February 2023,Wajir County,23,,,323
February 2023,Samburu County,60,,,303
February 2023,Meru County,65,,1,123
February 2023,Bungoma County,658,,,3200
February 2023,Marsabit County,234,,,466
February 2023,West Pokot County,429,,,1604
February 2023,Kajiado County,126,,,634
February 2023,Kisumu County,87,12,15,388
February 2023,Nyeri County,1,,,87
February 2023,Muranga County,41,,,42
February 2023,Tharaka Nithi County,55,,,472
February 2023,Nandi County,655,,,1264
February 2024,Kisumu County,121,,,521
February 2024,Taita Taveta County,2,,,63
February 2024,Nakuru County,464,,,2138
February 2024,Nandi County,542,,,1670
February 2024,Kilifi County,36,,1,5
February 2024,Machakos County,38,,581,164
February 2024,Kisii County,769,,,4565
February 2024,Nyamira County,185,,,567
February 2024,Makueni County,84,,,145
February 2024,Kiambu County,52,,,146
February 2024,Baringo County,405,112,,1677
February 2024,Kitui County,165,,,506
February 2024,Vihiga County,97,,,391
February 2024,Migori County,466,,,1558
February 2024,Kirinyaga County,17,,,237
February 2024,Trans Nzoia County,398,,,1913
February 2024,Samburu County,21,,,131
February 2024,Siaya County,89,,1,498
February 2024,Kajiado County,165,,38,754
February 2024,Busia County,86,1,,386
February 2024,Meru County,49,,,228
February 2024,Isiolo County,82,,,317
February 2024,Marsabit County,173,,,701
February 2024,Kakamega County,229,,,670
February 2024,West Pokot County,471,,,1868
February 2024,Nairobi County,89,,,871
February 2024,Wajir County,89,,,622
February 2024,Mombasa County,1,,,31
February 2024,Uasin Gishu County,596,,2,1445
February 2024,Nyeri County,,,,130
February 2024,Mandera County,67,,,240
February 2024,Tana River County,34,,1,105
February 2024,Homa Bay County,209,,,973
February 2024,Garissa County,92,,,593
February 2024,Tharaka Nithi County,48,,,341
February 2024,Lamu County,6,,,1
February 2024,Kwale County,10,,,16
February 2024,Kericho County,593,,,2300
February 2024,Muranga County,20,,528,64
February 2024,Narok County,871,,4,2735
February 2024,Turkana County,216,,,863
February 2024,Laikipia County,67,,,502
February 2024,Elgeyo Marakwet County,827,,,1382
February 2024,Nyandarua County,34,,,266
February 2024,Bungoma County,850,3,,3399
February 2024,Bomet County,83,,,703
February 2024,Embu County,84,,2,455
January 2022,Kajiado County,154,,,564
January 2022,Nairobi County,157,,12,1535
January 2022,Trans Nzoia County,441,,,2755
January 2022,Kakamega County,174,,2,725
January 2022,Tharaka Nithi County,244,,6,702
January 2022,Busia County,66,,1,494
January 2022,West Pokot County,537,,,2695
January 2022,Mandera County,83,,,294
January 2022,Tana River County,25,,32,212
January 2022,Isiolo County,104,,,587
January 2022,Bungoma County,984,,,4462
January 2022,Mombasa County,2,,5,128
January 2022,Meru County,163,,,172
January 2022,Muranga County,13,,,49
January 2022,Samburu County,38,,,204
January 2022,Kericho County,600,,,1930
January 2022,Homa Bay County,202,,1,737
January 2022,Uasin Gishu County,414,,1,1732
January 2022,Turkana County,187,,,878
January 2022,Laikipia County,50,,,234
January 2022,Embu County,33,,,403
January 2022,Kilifi County,,,98,12
January 2022,Elgeyo Marakwet County,539,,,1569
January 2022,Bomet County,96,,,577
January 2022,Garissa County,90,,,607
January 2022,Nyandarua County,96,,,651
January 2022,Lamu County,,,,16
January 2022,Narok County,547,,34,1393
January 2022,Taita Taveta County,10,,,83
January 2022,Wajir County,44,,,296
January 2022,Kisii County,617,,,2820
January 2022,Makueni County,163,,,296
January 2022,Marsabit County,216,,,408
January 2022,Kirinyaga County,2,,,68
January 2022,Kitui County,194,,,600
January 2022,Kwale County,3,,,
January 2022,Baringo County,316,,,1454
January 2022,Vihiga County,70,,,313
January 2022,Machakos County,69,,,354
January 2022,Siaya County,53,,,385
January 2022,Nandi County,579,120,51,1393
January 2022,Migori County,496,,,1062
January 2022,Nakuru County,1422,,,2426
January 2022,Nyamira County,318,,,710
January 2022,Nyeri County,22,,,93
January 2022,Kiambu County,62,,,449
January 2022,Kisumu County,57,,303,623
January 2023,Nakuru County,557,,303,2060
January 2023,Siaya County,71,,,384
January 2023,Kilifi County,37,,158,56
January 2023,Nandi County,462,,,844
January 2023,Turkana County,218,,,737
January 2023,Kisumu County,358,,1,617
January 2023,Elgeyo Marakwet County,460,,,1153
January 2023,Laikipia County,43,,,150
January 2023,Kericho County,689,,,2740
January 2023,Embu County,91,,,401
January 2023,Marsabit County,145,,,467
January 2023,Tana River County,24,,,136
January 2023,Nyandarua County,30,,,573
January 2023,Makueni County,45,,,203
January 2023,Narok County,534,,6,890595
January 2023,Kirinyaga County,2,,,125
January 2023,Homa Bay County,212,,,639
January 2023,Mandera County,30,,,250
January 2023,Uasin Gishu County,491,,,1439
January 2023,Taita Taveta County,8,,,73
January 2023,Kisii County,641,,,3552
January 2023,Garissa County,42,,,525
January 2023,Nyeri County,1,,,94
January 2023,Meru County,116,,,99
January 2023,Lamu County,1,,,3
January 2023,Mombasa County,1,,4,30
January 2023,Wajir County,14,,,192
January 2023,Bungoma County,685,,,3341
January 2023,Samburu County,56,,,230
January 2023,Nairobi County,151,5,18,840
January 2023,Vihiga County,72,,,236
January 2023,Kakamega County,195,,9,788
January 2023,Bomet County,57,,,248
January 2023,West Pokot County,314,,,1663
January 2023,Baringo County,562,,,1236
January 2023,Isiolo County,98,,92,421
January 2023,Kitui County,188,,,531
January 2023,Trans Nzoia County,449,,,2017
January 2023,Migori County,454,,,881
January 2023,Kiambu County,11,,,198
January 2023,Nyamira County,192,,,694
January 2023,Busia County,107,,,622
January 2023,Kajiado County,86,,4,756
January 2023,Muranga County,26,,,50
January 2023,Kwale County,41,,,33
January 2023,Tharaka Nithi County,66,,,504
January 2023,Machakos County,51,,,174
January 2024,Mandera County,56,,,249
January 2024,Kakamega County,170,,1,757
January 2024,Nairobi County,178,2,15,1024
January 2024,Isiolo County,51,,,444
January 2024,Kajiado County,179,,2,768
January 2024,West Pokot County,394,,,1483
January 2024,Mombasa County,,,,7
January 2024,Narok County,675,,4,2571
January 2024,Migori County,387,,,1450
January 2024,Tana River County,50,,48,249
January 2024,Wajir County,42,,,558
January 2024,Nyeri County,7,,,147
January 2024,Garissa County,76,,,507
January 2024,Kwale County,34,,,13
January 2024,Tharaka Nithi County,40,,8,708
January 2024,Lamu County,5,,,10
January 2024,Vihiga County,75,,1,190
January 2024,Baringo County,414,,,1263
January 2024,Machakos County,70,,,144
January 2024,Uasin Gishu County,487,,6,1646
January 2024,Kiambu County,42,,,204
January 2024,Nyamira County,155,,,625
January 2024,Nakuru County,440,1,44,2470
January 2024,Marsabit County,185,,,681
January 2024,Kirinyaga County,2,,,196
January 2024,Samburu County,46,,,121
January 2024,Busia County,51,,,578
January 2024,Meru County,18,,1,179
January 2024,Siaya County,58,,24,448
January 2024,Trans Nzoia County,367,,,1837
January 2024,Kitui County,218,,,521
January 2024,Taita Taveta County,5,,,51
January 2024,Kisumu County,93,,,531
January 2024,Kilifi County,50,,1,11
January 2024,Makueni County,49,,,144
January 2024,Kisii County,743,,,3819
January 2024,Bomet County,81,,,948
January 2024,Homa Bay County,141,,160,1019
January 2024,Elgeyo Marakwet County,805,,,1519
January 2024,Turkana County,126,,,680
January 2024,Kericho County,772,,,2973
January 2024,Nandi County,489,,,1219
January 2024,Muranga County,25,,,49
January 2024,Nyandarua County,35,,,341
January 2024,Laikipia County,46,,,362
January 2024,Bungoma County,720,,,3509
January 2024,Embu County,56,,3,545
July 2022,Embu County,76,,,603
July 2022,Elgeyo Marakwet County,531,,,1596
July 2022,Siaya County,53,,19,360
July 2022,Kilifi County,6,,,19
July 2022,Machakos County,91,,,242
July 2022,Laikipia County,100,,,269
July 2022,Taita Taveta County,12,,16,73
July 2022,Kiambu County,72,,,260
July 2022,Kisumu County,105,,2,683
July 2022,Nakuru County,471,,,2086
July 2022,Nyandarua County,83,,,495
July 2022,Migori County,463,,,1111
July 2022,Turkana County,119,,,888
July 2022,Nyamira County,142,,1,741
July 2022,Kirinyaga County,2,,,153
July 2022,Busia County,125,,,387
July 2022,Trans Nzoia County,427,,,1742
July 2022,Isiolo County,144,,,382
July 2022,Tana River County,23,,,194
July 2022,Narok County,396,,,2022
July 2022,Marsabit County,182,,,481
July 2022,Kisii County,826,,,2855
July 2022,Kitui County,130,,,408
July 2022,Mombasa County,1,,,20
July 2022,Uasin Gishu County,332,,,1665
July 2022,Makueni County,25,,,220
July 2022,Mandera County,58,,,458
July 2022,Nairobi County,69,,10,757
July 2022,Samburu County,39,,,236
July 2022,Wajir County,45,,,301
July 2022,Homa Bay County,250,,,721
July 2022,Kwale County,10,,,2
July 2022,Meru County,154,,6,217
July 2022,Baringo County,376,,21,1085
July 2022,Nyeri County,4,,,141
July 2022,Garissa County,33,,,437
July 2022,Bomet County,47,,,259
July 2022,Bungoma County,785,,,3777
July 2022,West Pokot County,266,,,1966
July 2022,Kakamega County,144,,,754
July 2022,Kajiado County,143,,143,540
July 2022,Vihiga County,55,,,343
July 2022,Kericho County,568,,,2211
July 2022,Muranga County,2,,,65
July 2022,Tharaka Nithi County,141,,,707
July 2022,Nandi County,591,,,1450
July 2023,Kitui County,196,,,521
July 2023,Makueni County,26,,,49
July 2023,Bomet County,149,,,948
July 2023,Baringo County,459,,,1375
July 2023,Marsabit County,206,,,633
July 2023,Homa Bay County,273,,4,750
July 2023,Wajir County,84,,,658
July 2023,Vihiga County,131,,,413
July 2023,Kisii County,669,,,5077
July 2023,Mombasa County,,,,11
July 2023,Lamu County,3,,,14
July 2023,Meru County,133,,1,164
July 2023,Taita Taveta County,11,,,108
July 2023,Garissa County,42,,,582
July 2023,Samburu County,65,,,299
July 2023,Kirinyaga County,11,,,89
July 2023,Nairobi County,155,,30,799
July 2023,Kilifi County,74,,,81
July 2023,Mandera County,38,,,822
July 2023,Uasin Gishu County,605,,,2011
July 2023,Kiambu County,2,,,245
July 2023,Kericho County,860,,,2857
July 2023,Tana River County,21,,,135
July 2023,Machakos County,39,,,199
July 2023,Elgeyo Marakwet County,570,,,1335
July 2023,Trans Nzoia County,364,,,1877
July 2023,Embu County,53,,,445
July 2023,Isiolo County,79,,,398
July 2023,Narok County,744,,1,2408
July 2023,Migori County,510,,27,1610
July 2023,Kakamega County,233,,1,785
July 2023,West Pokot County,406,,,2034
July 2023,Nyandarua County,36,,,547
July 2023,Nakuru County,570,,,2664
July 2023,Siaya County,61,,7,540
July 2023,Busia County,94,,3,500
July 2023,Turkana County,183,,2,1173
July 2023,Kajiado County,126,,,1019
July 2023,Nyamira County,259,,,790
July 2023,Tharaka Nithi County,49,,,513
July 2023,Kisumu County,80,,,692
July 2023,Bungoma County,883,,,3353
July 2023,Laikipia County,22,,,106
July 2023,Nyeri County,4,,,118
July 2023,Kwale County,2,,,
July 2023,Muranga County,9,,2,27
July 2023,Nandi County,563,,,1422
July 2024,Trans Nzoia County,284,,,1763
July 2024,Isiolo County,44,,1,75
July 2024,Kajiado County,101,,15,776
July 2024,Busia County,78,,,355
July 2024,Mandera County,34,,,1005
July 2024,Tana River County,28,,13,195
July 2024,Tharaka Nithi County,74,,,470
July 2024,Kiambu County,18,,,91
July 2024,Nyamira County,186,,,590
July 2024,Garissa County,101,,,763
July 2024,West Pokot County,547,,,1701
July 2024,Nyandarua County,17,,,274
July 2024,Migori County,362,6,,1369
July 2024,Kakamega County,121,,,639
July 2024,Wajir County,92,,,607
July 2024,Narok County,807,,1,1937
July 2024,Samburu County,51,,,156
July 2024,Homa Bay County,146,,,1043
July 2024,Siaya County,67,,,493
July 2024,Uasin Gishu County,572,,,1571
July 2024,Lamu County,5,,,5
July 2024,Baringo County,349,,,1150
July 2024,Kilifi County,33,,,38
July 2024,Mombasa County,,,,14
July 2024,Makueni County,30,,,81
July 2024,Meru County,31,,1,142
July 2024,Kitui County,175,,,560
July 2024,Nairobi County,163,,,1264
July 2024,Kirinyaga County,2,,,40
July 2024,Marsabit County,171,,,424
July 2024,Kisii County,677,,,4425
July 2024,Kisumu County,107,,4,348
July 2024,Taita Taveta County,4,,,56
July 2024,Nakuru County,393,,60,2551
July 2024,Vihiga County,70,,,224
July 2024,Elgeyo Marakwet County,610,,,1484
July 2024,Nandi County,472,,142,1600
July 2024,Turkana County,306,191,,821
July 2024,Laikipia County,40,,,159
July 2024,Bomet County,168,,150,1208
July 2024,Machakos County,40,,1,87
July 2024,Nyeri County,8,,,148
July 2024,Embu County,42,,,386
July 2024,Bungoma County,777,,,2861
July 2024,Kwale County,3,,,19
July 2024,Kericho County,544,,38,2041
July 2024,Muranga County,29,,,63
June 2022,Tana River County,18,,,179
June 2022,Nyandarua County,127,,,688
June 2022,Kiambu County,39,,,154
June 2022,Kericho County,589,,70,1800
June 2022,Narok County,541,,3,1725
June 2022,Busia County,96,,,473
June 2022,Nyamira County,198,,,483
June 2022,Migori County,476,1,276,1393
June 2022,Muranga County,16,,,53
June 2022,Mandera County,60,,,503
June 2022,Tharaka Nithi County,174,,,565
June 2022,Machakos County,88,,,251
June 2022,Mombasa County,6,,,145
June 2022,Meru County,85,,,269
June 2022,Kilifi County,2,,,17
June 2022,Siaya County,83,,,392
June 2022,Kisumu County,114,,1,800
June 2022,Nakuru County,678,,37,2357
June 2022,Nairobi County,242,,,592
June 2022,Isiolo County,186,,,638
June 2022,Vihiga County,168,,1,392
June 2022,Kajiado County,183,,,666
June 2022,Samburu County,69,,,370
June 2022,Kirinyaga County,6,,,118
June 2022,Baringo County,444,,,1029
June 2022,Trans Nzoia County,1051,,,2092
June 2022,Marsabit County,169,,,480
June 2022,Makueni County,39,,,251
June 2022,Kitui County,129,,,635
June 2022,Kwale County,10,,,10
June 2022,Uasin Gishu County,344,,,1882
June 2022,Homa Bay County,239,,2,1307
June 2022,Taita Taveta County,27,,45,72
June 2022,Kisii County,673,,,3632
June 2022,Nyeri County,11,,,161
June 2022,Garissa County,46,,,412
June 2022,Bungoma County,758,,,4427
June 2022,Wajir County,47,,,455
June 2022,Kakamega County,141,,2,718
June 2022,Nandi County,718,,115,1240
June 2022,Turkana County,164,,,957
June 2022,West Pokot County,456,,,1740
June 2022,Elgeyo Marakwet County,472,,,1338
June 2022,Laikipia County,52,,,55
June 2022,Bomet County,43,,1,309
June 2022,Embu County,73,,,654
June 2023,Kirinyaga County,18,,,117
June 2023,Taita Taveta County,15,,,113
June 2023,Kisumu County,235,,,545
June 2023,Makueni County,44,,,88
June 2023,Kisii County,831,,,3736
June 2023,Kilifi County,44,,,34
June 2023,Kwale County,13,,,6
June 2023,Uasin Gishu County,763,,,1490
June 2023,Baringo County,423,,,1286
June 2023,Vihiga County,63,,1,225
June 2023,Samburu County,57,,,463
June 2023,Nakuru County,546,,15,2644
June 2023,Mombasa County,1,,,186
June 2023,Meru County,185,,44,108
June 2023,Nyamira County,187,,,817
June 2023,Marsabit County,204,,,356
June 2023,Kitui County,233,,,598
June 2023,Siaya County,105,,73,500
June 2023,Kajiado County,105,,,819
June 2023,Isiolo County,47,,,282
June 2023,Trans Nzoia County,484,,,2045
June 2023,Busia County,116,,,464
June 2023,Nairobi County,183,,8,773
June 2023,Kakamega County,182,,11,1355
June 2023,Migori County,541,,6,1429
June 2023,Narok County,603,,2,2080
June 2023,Kiambu County,13,1,,170
June 2023,Nyeri County,,,,192
June 2023,Muranga County,17,,1,49
June 2023,Garissa County,73,,2,533
June 2023,Tharaka Nithi County,61,,1,493
June 2023,Machakos County,24,,1,205
June 2023,Lamu County,3,,,48
June 2023,Mandera County,19,,133,529
June 2023,Tana River County,66,,,129
June 2023,Elgeyo Marakwet County,600,,,1278
June 2023,Laikipia County,40,,,73
June 2023,Nandi County,530,,,1350
June 2023,Homa Bay County,296,,,939
June 2023,Turkana County,291,,,1035
June 2023,Kericho County,802,,,3143
June 2023,Wajir County,61,,,751
June 2023,Nyandarua County,41,,,428
June 2023,West Pokot County,382,,,4179
June 2023,Embu County,65,,4,467
June 2023,Bungoma County,670,,,3126
June 2023,Bomet County,100,,,653
June 2024,Tana River County,11,,12,97
June 2024,Migori County,386,,,1954
June 2024,Muranga County,9,,,30
June 2024,Narok County,744,,2,1590
June 2024,Kiambu County,20,,,110
June 2024,Kericho County,487,,,1880
June 2024,Isiolo County,28,,,54
June 2024,Kajiado County,132,,,610
June 2024,Trans Nzoia County,273,,,1644
June 2024,Busia County,70,,,484
June 2024,Nyamira County,220,,,758
June 2024,Kakamega County,132,,,706
June 2024,Turkana County,151,,,777
June 2024,Embu County,43,,,447
June 2024,West Pokot County,561,,,1645
June 2024,Nyandarua County,36,,,155
June 2024,Elgeyo Marakwet County,626,,,1410
June 2024,Siaya County,137,,,678
June 2024,Bungoma County,735,,,2708
June 2024,Nakuru County,354,,,4109
June 2024,Nyeri County,4,,,148
June 2024,Kisumu County,129,,33,432
June 2024,Laikipia County,18,,,91
June 2024,Kwale County,21,,,48
June 2024,Machakos County,31,,200,38
June 2024,Nandi County,602,,,1571
June 2024,Tharaka Nithi County,117,,6,375
June 2024,Makueni County,29,,,62
June 2024,Marsabit County,125,,,430
June 2024,Baringo County,315,2,,1326
June 2024,Kitui County,124,,,336
June 2024,Kirinyaga County,4,,,62
June 2024,Vihiga County,141,,366,150
June 2024,Bomet County,105,,14,1138
June 2024,Garissa County,79,,,560
June 2024,Mombasa County,,1,,25
June 2024,Lamu County,1,,,5
June 2024,Samburu County,50,,,127
June 2024,Wajir County,64,,,523
June 2024,Meru County,84,,72,263
June 2024,Taita Taveta County,16,,,53
June 2024,Uasin Gishu County,454,,,1021
June 2024,Homa Bay County,119,,33,998
June 2024,Nairobi County,128,,,831
June 2024,Kisii County,682,,,4216
June 2024,Mandera County,62,,,1304
June 2024,Kilifi County,16,,,29
March 2022,Kericho County,403,,,1536
March 2022,Machakos County,89,,,196
March 2022,Muranga County,67,,3,51
March 2022,Nyandarua County,71,,,429
March 2022,Nandi County,604,,,1420
March 2022,Turkana County,216,,,611
March 2022,Elgeyo Marakwet County,438,,,1063
March 2022,Nyamira County,104,,,438
March 2022,Narok County,398,,1,2885
March 2022,Tana River County,20,,,164
March 2022,Nakuru County,533,,,1962
March 2022,Kilifi County,,,,35
March 2022,Migori County,427,,6,1068
March 2022,Kiambu County,28,,3,227
March 2022,Tharaka Nithi County,104,,18,785
March 2022,Taita Taveta County,28,,,38
March 2022,Bungoma County,754,,,3367
March 2022,West Pokot County,528,,,2474
March 2022,Kakamega County,146,,,687
March 2022,Embu County,48,,,484
March 2022,Laikipia County,56,,,178
March 2022,Bomet County,101,,7,530
March 2022,Kwale County,7,,,
March 2022,Makueni County,56,,,235
March 2022,Vihiga County,58,,,196
March 2022,Uasin Gishu County,404,,,1474
March 2022,Wajir County,111,,,343
March 2022,Lamu County,1,,,3
March 2022,Garissa County,79,,,870
March 2022,Nyeri County,7,,,145
March 2022,Homa Bay County,268,,5,893
March 2022,Kisumu County,87,,,617
March 2022,Kisii County,572,,,2895
March 2022,Isiolo County,86,,28,391
March 2022,Mandera County,52,,,563
March 2022,Nairobi County,230,,,1412
March 2022,Busia County,71,,1,396
March 2022,Kajiado County,159,,,607
March 2022,Siaya County,44,,,223
March 2022,Samburu County,30,,,507
March 2022,Kirinyaga County,7,,,69
March 2022,Mombasa County,,,2,36
March 2022,Trans Nzoia County,455,,,2290
March 2022,Meru County,128,,,154
March 2022,Marsabit County,194,,,424
March 2022,Kitui County,122,,1,519
March 2022,Baringo County,331,,,1147
March 2023,Kirinyaga County,7,,,117
March 2023,Kisumu County,107,,,408
March 2023,Kisii County,690,,,3856
March 2023,Taita Taveta County,6,,,117
March 2023,Makueni County,28,,,117
March 2023,Homa Bay County,200,,,727
March 2023,Uasin Gishu County,537,,,1506
March 2023,Kilifi County,4,,,75
March 2023,Kwale County,8,,,9
March 2023,Elgeyo Marakwet County,585,,,1275
March 2023,Turkana County,247,,,907
March 2023,Laikipia County,52,,,67
March 2023,Nandi County,480,,,1140
March 2023,Wajir County,14,,,311
March 2023,Kericho County,643,,,1870
March 2023,West Pokot County,454,,,1459
March 2023,Kakamega County,142,,,781
March 2023,Nyandarua County,102,,,575
March 2023,Bungoma County,724,,,3370
March 2023,Bomet County,112,,,1145
March 2023,Embu County,128,,15,476
March 2023,Busia County,118,,,608
March 2023,Trans Nzoia County,387,,,1972
March 2023,Kajiado County,177,,41,731
March 2023,Migori County,567,,,1300
March 2023,Narok County,699,,3,1909
March 2023,Muranga County,8,,,51
March 2023,Kiambu County,30,,,113
March 2023,Machakos County,63,,1,124
March 2023,Nairobi County,196,,33,784
March 2023,Garissa County,86,,9,436
March 2023,Nyeri County,1,,,92
March 2023,Mandera County,41,,91,448
March 2023,Lamu County,7,,1,13
March 2023,Tana River County,60,,1,160
March 2023,Tharaka Nithi County,51,,,459
March 2023,Samburu County,56,,,234
March 2023,Siaya County,80,,28,398
March 2023,Meru County,160,,,158
March 2023,Nakuru County,592,,,4588
March 2023,Mombasa County,2,,,16
March 2023,Nyamira County,129,,,742
March 2023,Kitui County,192,,1,496
March 2023,Vihiga County,30,,,268
March 2023,Baringo County,438,,,1155
March 2023,Marsabit County,196,,,514
March 2023,Isiolo County,74,,,567
March 2024,Nyamira County,225,1,1,573
March 2024,Machakos County,34,,,145
March 2024,Muranga County,9,,1,74
March 2024,Migori County,383,,,1607
March 2024,Narok County,683,,8,2062
March 2024,Kiambu County,17,,,280
March 2024,Kericho County,658,,,2707
March 2024,Laikipia County,42,,,551
March 2024,Turkana County,192,,,595
March 2024,Trans Nzoia County,330,,,1254
March 2024,Busia County,79,,,397
March 2024,Elgeyo Marakwet County,832,,,1408
March 2024,Kajiado County,153,,,595
March 2024,Embu County,63,,,476
March 2024,Nyandarua County,29,,,480
March 2024,Kakamega County,141,,,712
March 2024,West Pokot County,528,,,1670
March 2024,Isiolo County,46,,1,453
March 2024,Siaya County,60,,,359
March 2024,Kisii County,611,,,3594
March 2024,Garissa County,59,,,555
March 2024,Nairobi County,93,,1,545
March 2024,Meru County,131,,,228
March 2024,Taita Taveta County,5,,,89
March 2024,Wajir County,39,,,809
March 2024,Mombasa County,16,,,17
March 2024,Samburu County,89,,,118
March 2024,Tana River County,20,,,100
March 2024,Lamu County,1,1,,1
March 2024,Kilifi County,37,,,49
March 2024,Mandera County,66,,11,253
March 2024,Uasin Gishu County,578,,,1531
March 2024,Makueni County,38,,26,300
March 2024,Kitui County,129,,,434
March 2024,Marsabit County,184,,,722
March 2024,Homa Bay County,167,,,1057
March 2024,Baringo County,318,,,1301
March 2024,Kirinyaga County,2,,,74
March 2024,Vihiga County,92,,,211
March 2024,Bomet County,105,,4,635
March 2024,Bungoma County,851,,131,2525
March 2024,Kisumu County,83,,,655
March 2024,Nyeri County,,,,118
March 2024,Nakuru County,401,,,2139
March 2024,Nandi County,478,,,1351
March 2024,Kwale County,49,,2,12
March 2024,Tharaka Nithi County,74,,,731
May 2022,Tana River County,26,,,85
May 2022,Nyandarua County,83,,,473
May 2022,Migori County,471,,,1082
May 2022,Muranga County,16,,,55
May 2022,Narok County,490,,1,1561
May 2022,Kiambu County,64,,,618
May 2022,Kericho County,440,,,1954
May 2022,Nairobi County,206,,55,818
May 2022,Machakos County,54,,1,266
May 2022,Tharaka Nithi County,77,,11,515
May 2022,Nandi County,6436,,,1259
May 2022,Kilifi County,21,,,22
May 2022,Mandera County,101,,,483
May 2022,Meru County,201,,,142
May 2022,Nakuru County,587,,,1982
May 2022,Nyeri County,,,,134
May 2022,Kisumu County,124,1,,762
May 2022,Mombasa County,3,,,34
May 2022,Samburu County,43,,,245
May 2022,Vihiga County,46,,,351
May 2022,Kajiado County,140,,,727
May 2022,Baringo County,332,,,901
May 2022,Trans Nzoia County,449,,,2452
May 2022,Busia County,73,,,385
May 2022,Nyamira County,163,,4,435
May 2022,Siaya County,53,,,388
May 2022,Isiolo County,148,,,495
May 2022,Makueni County,82,,,243
May 2022,Marsabit County,155,,,481
May 2022,Kirinyaga County,2,,,100
May 2022,Kitui County,135,,,497
May 2022,Uasin Gishu County,351,,,1583
May 2022,Homa Bay County,408,,47,1043
May 2022,Kwale County,6,1,,13
May 2022,Kisii County,589,,19,2836
May 2022,Garissa County,73,,,390
May 2022,Bungoma County,635,,,3873
May 2022,Laikipia County,36,,,7
May 2022,Taita Taveta County,5,,,35
May 2022,Wajir County,16,,,600
May 2022,Kakamega County,263,,,848
May 2022,Embu County,128,,,638
May 2022,Turkana County,154,18,,672
May 2022,Bomet County,40,,1,324
May 2022,West Pokot County,564,,,2999
May 2022,Elgeyo Marakwet County,402,,,1193
May 2023,Homa Bay County,227,,,1247
May 2023,Vihiga County,77,,,231
May 2023,Bomet County,85,,,674
May 2023,Kwale County,16,,,
May 2023,Samburu County,84,,,483
May 2023,Baringo County,375,,,1368
May 2023,Kitui County,133,,,464
May 2023,Meru County,129,,3,104
May 2023,Marsabit County,187,,,346
May 2023,Bungoma County,681,,,3577
May 2023,Wajir County,35,,,605
May 2023,Kakamega County,105,,,779
May 2023,West Pokot County,394,,,1721
May 2023,Tharaka Nithi County,59,,1,567
May 2023,Kisumu County,139,,,710
May 2023,Nyeri County,,,,102
May 2023,Muranga County,11,,3,27
May 2023,Nandi County,502,,,1518
May 2023,Machakos County,46,,,231
May 2023,Laikipia County,60,,,114
May 2023,Kericho County,363,,,2043
May 2023,Kiambu County,31,,,315
May 2023,Nakuru County,644,,,2121
May 2023,Migori County,415,,,1397
May 2023,Nyamira County,208,,,755
May 2023,Turkana County,319,,,994
May 2023,Embu County,84,,,552
May 2023,Siaya County,81,,3,610
May 2023,Kajiado County,113,,,719
May 2023,Elgeyo Marakwet County,519,,,1463
May 2023,Busia County,111,,,767
May 2023,Nyandarua County,31,,,304
May 2023,Isiolo County,74,,4,276
May 2023,Nairobi County,138,,24,1034
May 2023,Kirinyaga County,28,,,113
May 2023,Trans Nzoia County,463,,,2084
May 2023,Narok County,686,,,1433
May 2023,Taita Taveta County,15,,,89
May 2023,Tana River County,27,,,136
May 2023,Garissa County,68,,87,553
May 2023,Mombasa County,,,,5
May 2023,Kilifi County,71,,1,5
May 2023,Lamu County,8,,3,8
May 2023,Kisii County,643,,,4499
May 2023,Mandera County,33,,,521
May 2023,Makueni County,37,,,142
May 2023,Uasin Gishu County,440,,,1665
May 2024,Narok County,679,,12,1741
May 2024,Tana River County,9,,,40
May 2024,Migori County,356,,,1429
May 2024,Kiambu County,25,,,113
May 2024,Trans Nzoia County,334,,,1290
May 2024,Kericho County,667,,1,2317
May 2024,Kakamega County,252,1,,569
May 2024,Kajiado County,94,,75,527
May 2024,Bungoma County,743,,,2503
May 2024,Isiolo County,49,,,373
May 2024,Nyamira County,254,,,691
May 2024,Turkana County,146,,,899
May 2024,Elgeyo Marakwet County,551,,,1248
May 2024,West Pokot County,419,,,1943
May 2024,Nyandarua County,25,,,266
May 2024,Busia County,41,,,259
May 2024,Nyeri County,3,,,146
May 2024,Nakuru County,392,,1,1779
May 2024,Embu County,61,,,353
May 2024,Laikipia County,24,,,71
May 2024,Machakos County,48,,9,111
May 2024,Tharaka Nithi County,72,,3,519
May 2024,Muranga County,45,,71,41
May 2024,Kwale County,11,,,10
May 2024,Nandi County,615,,,1469
May 2024,Marsabit County,196,,,448
May 2024,Kirinyaga County,3,,,105
May 2024,Kitui County,177,,,406
May 2024,Taita Taveta County,6,,9,73
May 2024,Bomet County,121,,,1137
May 2024,Baringo County,315,,,1055
May 2024,Kisumu County,130,,,562
May 2024,Vihiga County,97,,,126
May 2024,Wajir County,93,,,485
May 2024,Siaya County,61,,2,419
May 2024,Samburu County,34,,10,157
May 2024,Kilifi County,8,,,21
May 2024,Lamu County,,,,4
May 2024,Mombasa County,,,,147
May 2024,Garissa County,59,,,256
May 2024,Homa Bay County,157,,6,969
May 2024,Meru County,62,,10,176
May 2024,Nairobi County,146,,1,1324
May 2024,Kisii County,501,,,3431
May 2024,Makueni County,28,,,96
May 2024,Mandera County,39,,,772
May 2024,Uasin Gishu County,473,,,1556
November 2022,Wajir County,60,,,311
November 2022,Meru County,157,,7,105
November 2022,Samburu County,33,,,160
November 2022,Bungoma County,860,,,3579
November 2022,Mombasa County,3,,1,150
November 2022,Bomet County,48,,1,148
November 2022,Kakamega County,100,,253,645
November 2022,West Pokot County,482,,,2233
November 2022,Baringo County,466,,,1375
November 2022,Vihiga County,29,,,210
November 2022,Isiolo County,119,,,492
November 2022,Kitui County,32,,,326
November 2022,Trans Nzoia County,431,,,1848
November 2022,Marsabit County,156,,,738
November 2022,Migori County,505,22,107,1290
November 2022,Busia County,158,,3,487
November 2022,Kajiado County,197,,,758
November 2022,Nyamira County,206,,3,661
November 2022,Muranga County,6,,,67
November 2022,Tharaka Nithi County,47,,,414
November 2022,Kisumu County,116,1,,479
November 2022,Kiambu County,43,,,144
November 2022,Kwale County,17,,,
November 2022,Nyeri County,12,,,78
November 2022,Machakos County,30,,3,106
November 2022,Kilifi County,37,1,13,91
November 2022,Nakuru County,478,,,2279
November 2022,Siaya County,77,,,409
November 2022,Embu County,55,,,402
November 2022,Elgeyo Marakwet County,532,,,1222
November 2022,Turkana County,211,,,897
November 2022,Nandi County,419,,26,1252
November 2022,Kericho County,657,,,2713
November 2022,Laikipia County,46,,,177
November 2022,Tana River County,32,1,,100
November 2022,Nyandarua County,45,,,600
November 2022,Kirinyaga County,4,,,165
November 2022,Narok County,743,10,3,1941
November 2022,Makueni County,97,,,211
November 2022,Nairobi County,78,,16,1110
November 2022,Taita Taveta County,12,,,45
November 2022,Mandera County,42,,,257
November 2022,Uasin Gishu County,422,,,1601
November 2022,Kisii County,839,,,3793
November 2022,Homa Bay County,218,,,1029
November 2022,Garissa County,58,,,457
November 2023,Machakos County,22,,,128
November 2023,Turkana County,196,,,705
November 2023,Nyamira County,179,,,601
November 2023,Muranga County,28,,1,37
November 2023,Kiambu County,52,,,271
November 2023,Kericho County,922,,,2407
November 2023,Nyandarua County,33,,,339
November 2023,Nakuru County,372,,1,2139
November 2023,Migori County,457,,,1427
November 2023,Siaya County,2192,,,312
November 2023,Busia County,98,,,390
November 2023,Trans Nzoia County,357,,,2181
November 2023,Laikipia County,36,,,791
November 2023,Elgeyo Marakwet County,620,,,914
November 2023,Isiolo County,39,,,197
November 2023,Embu County,26,,,298
November 2023,Kajiado County,113,,,663
November 2023,Kisumu County,58,,4,474
November 2023,Nyeri County,,,1,129
November 2023,Nandi County,271,,,1043
November 2023,Kwale County,13,,,16
November 2023,Tharaka Nithi County,46,,6,475
November 2023,Vihiga County,109,,,156
November 2023,Homa Bay County,173,,,1015
November 2023,Uasin Gishu County,488,,,1582
November 2023,Baringo County,390,,,965
November 2023,Kitui County,91,,,326
November 2023,Samburu County,56,,,287
November 2023,Wajir County,55,,,254
November 2023,Marsabit County,170,,,698
November 2023,Meru County,46,,68,192
November 2023,Bungoma County,698,,,2722
November 2023,Bomet County,88,,2,674
November 2023,Mandera County,45,,,402
November 2023,Nairobi County,129,,4,1479
November 2023,West Pokot County,259,,,1396
November 2023,Taita Taveta County,3,,1,53
November 2023,Kakamega County,155,,,600
November 2023,Kirinyaga County,8,,,96
November 2023,Narok County,802,,1,2121
November 2023,Mombasa County,6,,4,26
November 2023,Lamu County,,,,15
November 2023,Kilifi County,57,,,23
November 2023,Garissa County,93,,,547
November 2023,Makueni County,13,,,91
November 2023,Kisii County,641,,115,3854
November 2023,Tana River County,26,,,107
November 2024,Lamu County,3,,,5
November 2024,Wajir County,73,,,508
November 2024,Meru County,60,,1,161
November 2024,Garissa County,98,,,485
November 2024,Nyeri County,,,,112
November 2024,Mombasa County,,,,16
November 2024,Samburu County,22,,,247
November 2024,Nairobi County,111,17,,685
November 2024,Mandera County,73,,,262
November 2024,Tharaka Nithi County,52,,,338
November 2024,Homa Bay County,117,,,686
November 2024,Makueni County,7,,,53
November 2024,Kwale County,21,,,13
November 2024,Uasin Gishu County,450,,75,1579
November 2024,Tana River County,22,,,94
November 2024,Nyandarua County,9,,,188
November 2024,Narok County,741,,3,2139
November 2024,Kericho County,225,,,1477
November 2024,Kakamega County,60,,,362
November 2024,West Pokot County,360,,,1588
November 2024,Bomet County,68,,,629
November 2024,Elgeyo Marakwet County,585,,1,1097
November 2024,Turkana County,242,,43,559
November 2024,Embu County,27,,,296
November 2024,Bungoma County,515,,,2245
November 2024,Kilifi County,4,,,36
November 2024,Nakuru County,365,,152,1468
November 2024,Siaya County,50,,4,255
November 2024,Laikipia County,9,,,257
November 2024,Kisumu County,40,,,495
November 2024,Taita Taveta County,1,,,35
November 2024,Muranga County,5,,2,32
November 2024,Machakos County,44,6,,115
November 2024,Nandi County,340,,,778
November 2024,Kisii County,508,,,2770
November 2024,Migori County,417,,,1171
November 2024,Trans Nzoia County,241,,,1223
November 2024,Marsabit County,126,,,521
November 2024,Kiambu County,18,,,79
November 2024,Kitui County,92,,,373
November 2024,Kirinyaga County,8,,,66
November 2024,Baringo County,357,,7,896
November 2024,Vihiga County,71,,,185
November 2024,Nyamira County,163,,18,520
November 2024,Kajiado County,63,,5,666
November 2024,Busia County,29,,,346
November 2024,Isiolo County,26,,,67
October 2022,Wajir County,46,,,128
October 2022,Lamu County,6,,,1
October 2022,Meru County,118,,10,134
October 2022,Garissa County,45,,,660
October 2022,Nyeri County,14,,,116
October 2022,Mombasa County,2,,,40
October 2022,Samburu County,56,,,322
October 2022,Bomet County,49,,,191
October 2022,Kakamega County,184,,,832
October 2022,Baringo County,405,,,1307
October 2022,West Pokot County,456,,46,2318
October 2022,Vihiga County,64,,,242
October 2022,Kajiado County,186,,,834
October 2022,Bungoma County,827,,,3456
October 2022,Isiolo County,104,,,374
October 2022,Migori County,423,,130,1152
October 2022,Busia County,114,,1,358
October 2022,Kiambu County,71,,,299
October 2022,Kericho County,641,,,2670
October 2022,Machakos County,65,,,116
October 2022,Tharaka Nithi County,89,,2,496
October 2022,Muranga County,22,,,48
October 2022,Kwale County,5,,,73
October 2022,Siaya County,90,,1,313
October 2022,Nakuru County,503,,3,2184
October 2022,Laikipia County,65,,,365
October 2022,Turkana County,192,,,907
October 2022,Nandi County,532,,,1086
October 2022,Kisumu County,97,,29,756
October 2022,Nyamira County,187,,73,712
October 2022,Elgeyo Marakwet County,515,,,1548
October 2022,Embu County,79,,6,337
October 2022,Nyandarua County,78,,,541
October 2022,Trans Nzoia County,473,,,1851
October 2022,Marsabit County,173,,,359
October 2022,Kitui County,90,,,369
October 2022,Kirinyaga County,10,,,90
October 2022,Narok County,720,,1,1881
October 2022,Taita Taveta County,26,,20,70
October 2022,Mandera County,54,,,752
October 2022,Homa Bay County,212,,,551
October 2022,Nairobi County,139,,62,1274
October 2022,Uasin Gishu County,412,,,1563
October 2022,Makueni County,39,,,159
October 2022,Kisii County,712,,43,3514
October 2022,Tana River County,48,,55,96
October 2022,Kilifi County,15,,,112
October 2023,Kisumu County,85,,141,546
October 2023,Kisii County,730,,,4250
October 2023,Kirinyaga County,3,,,177
October 2023,Taita Taveta County,12,,,79
October 2023,Kilifi County,38,,,11
October 2023,Makueni County,90,,,50
October 2023,Nandi County,498,,,1241
October 2023,Bomet County,99,,1,784
October 2023,Muranga County,3,,,47
October 2023,Homa Bay County,201,,3,822
October 2023,Laikipia County,35,,,88
October 2023,Kericho County,444,,102,2547
October 2023,Embu County,54,,,390
October 2023,Wajir County,67,,,377
October 2023,Narok County,783,,4,2452
October 2023,Bungoma County,622,,,2906
October 2023,Turkana County,209,,66,804
October 2023,Nyandarua County,24,,,428
October 2023,Elgeyo Marakwet County,679,,,1408
October 2023,West Pokot County,262,,,1788
October 2023,Tharaka Nithi County,28,,2,319
October 2023,Nairobi County,105,1,,1056
October 2023,Kakamega County,150,,1,944
October 2023,Mombasa County,4,,1,7
October 2023,Garissa County,88,,,640
October 2023,Meru County,67,,12,230
October 2023,Tana River County,37,,,128
October 2023,Nyeri County,10,,,137
October 2023,Lamu County,,,,11
October 2023,Kwale County,5,1,,16
October 2023,Uasin Gishu County,577,,,2059
October 2023,Mandera County,23,,,628
October 2023,Machakos County,24,,,97
October 2023,Baringo County,377,,,1231
October 2023,Vihiga County,76,,1,209
October 2023,Nyamira County,339,,,654
October 2023,Kitui County,164,,4,639
October 2023,Kiambu County,29,,1,138
October 2023,Samburu County,126,,,252
October 2023,Trans Nzoia County,389,,,2620
October 2023,Marsabit County,138,,,636
October 2023,Migori County,421,,8,1578
October 2023,Nakuru County,646,,,2605
October 2023,Kajiado County,103,,,824
October 2023,Isiolo County,100,2,,322
October 2023,Busia County,83,,,504
October 2023,Siaya County,54,,5,351
October 2024,Kwale County,1,41,,
October 2024,Lamu County,1,,,5
October 2024,Nyeri County,4,,60,146
October 2024,Meru County,53,,,90
October 2024,Baringo County,421,,,1337
October 2024,Homa Bay County,99,,,643
October 2024,Wajir County,101,,,648
October 2024,Garissa County,104,,,582
October 2024,Samburu County,29,,,351
October 2024,Mombasa County,1,,,20
October 2024,Tharaka Nithi County,70,,,228
October 2024,Nairobi County,142,,236,695
October 2024,Uasin Gishu County,522,,478,1466
October 2024,Makueni County,12,,,50
October 2024,Mandera County,80,,,313
October 2024,Narok County,674,,,2185
October 2024,Taita Taveta County,2,,,37
October 2024,Nyandarua County,27,,,310
October 2024,Bomet County,51,,,908
October 2024,Kakamega County,95,,,480
October 2024,Bungoma County,646,,,2524
October 2024,West Pokot County,599,,,2115
October 2024,Elgeyo Marakwet County,721,,,1313
October 2024,Nandi County,324,,113,952
October 2024,Turkana County,279,,,708
October 2024,Laikipia County,28,,,276
October 2024,Embu County,32,,,328
October 2024,Kericho County,1081,,2,1622
October 2024,Kisii County,530,,,2283
October 2024,Muranga County,15,,11,215
October 2024,Machakos County,52,,,111
October 2024,Tana River County,42,,,98
October 2024,Kilifi County,21,,,28
October 2024,Trans Nzoia County,240,,16,1352
October 2024,Migori County,356,,,1095
October 2024,Marsabit County,148,,,310
October 2024,Kirinyaga County,1,,,96
October 2024,Kiambu County,12,,1,135
October 2024,Kitui County,132,,,521
October 2024,Nyamira County,115,,,441
October 2024,Kisumu County,87,1,16,320
October 2024,Vihiga County,57,,,260
October 2024,Nakuru County,353,,,2011
October 2024,Isiolo County,33,42,,142
October 2024,Kajiado County,88,,1357,738
October 2024,Busia County,82,,,458
October 2024,Siaya County,54,,,339
September 2022,Mombasa County,2,,2,26
September 2022,Bungoma County,719,,,3246
September 2022,Tharaka Nithi County,83,,6,450
September 2022,Mandera County,107,,,336
September 2022,Isiolo County,88,,,250
September 2022,Nairobi County,125,5,,767
September 2022,West Pokot County,413,,,2232
September 2022,Kakamega County,182,,,706
September 2022,Kajiado County,172,9,,802
September 2022,Busia County,59,,1,390
September 2022,Samburu County,23,,,256
September 2022,Trans Nzoia County,703,,,1487
September 2022,Meru County,59,,1,152
September 2022,Baringo County,330,,10,1331
September 2022,Bomet County,58,,268,240
September 2022,Nyandarua County,36,,,442
September 2022,Uasin Gishu County,300,,,1377
September 2022,Makueni County,67,,81,112
September 2022,Elgeyo Marakwet County,484,,,1228
September 2022,Turkana County,190,,,884
September 2022,Wajir County,41,,,309
September 2022,Kilifi County,17,,,102
September 2022,Lamu County,4,,,4
September 2022,Narok County,511,,,1292
September 2022,Tana River County,24,,27,127
September 2022,Homa Bay County,181,,,562
September 2022,Taita Taveta County,16,,,60
September 2022,Garissa County,61,,,427
September 2022,Kisumu County,100,,,489
September 2022,Kisii County,580,,,3533
September 2022,Nakuru County,385,,,1962
September 2022,Siaya County,62,,,1052
September 2022,Kirinyaga County,2,,,100
September 2022,Embu County,39,,,425
September 2022,Marsabit County,190,,,304
September 2022,Kitui County,58,,,259
September 2022,Laikipia County,42,,,188
September 2022,Muranga County,46,,,41
September 2022,Nyamira County,116,,,638
September 2022,Kiambu County,103,,,296
September 2022,Kericho County,560,,,2368
September 2022,Vihiga County,31,,,201
September 2022,Nandi County,472,,,808
September 2022,Migori County,304,,101,1179
September 2022,Kwale County,3,,,
September 2022,Nyeri County,10,,,119
September 2022,Machakos County,55,,,160
September 2023,Elgeyo Marakwet County,648,,,1243
September 2023,Embu County,64,,,575
September 2023,Siaya County,78,,,367
September 2023,Kilifi County,38,,,15
September 2023,Nakuru County,637,,,1990
September 2023,Muranga County,12,,175,22
September 2023,Nyamira County,302,,278,706
September 2023,Turkana County,248,,,775
September 2023,Nandi County,512,,,841
September 2023,Kericho County,678,,,2771
September 2023,Laikipia County,21,,,112
September 2023,Narok County,709,,4,2150
September 2023,Kakamega County,126,,2,563
September 2023,Nairobi County,267,,,780
September 2023,West Pokot County,227,,1,1316
September 2023,Mandera County,23,,3,825
September 2023,Nyandarua County,28,,,443
September 2023,Makueni County,39,,,107
September 2023,Kisii County,870,,,3533
September 2023,Tana River County,26,,21,75
September 2023,Taita Taveta County,37,,4,112
September 2023,Lamu County,1,,,4
September 2023,Wajir County,59,,,603
September 2023,Homa Bay County,221,1,,760
September 2023,Garissa County,121,,,671
September 2023,Kwale County,1,,,21
September 2023,Bomet County,159,,,806
September 2023,Uasin Gishu County,420,,,1490
September 2023,Vihiga County,73,,,231
September 2023,Bungoma County,563,,,2874
September 2023,Mombasa County,,,11,12
September 2023,Marsabit County,175,,,661
September 2023,Kirinyaga County,9,,,98
September 2023,Samburu County,117,,,429
September 2023,Kitui County,194,,,519
September 2023,Meru County,43,,,140
September 2023,Baringo County,345,,,1297
September 2023,Isiolo County,117,,2,392
September 2023,Trans Nzoia County,505,,,1959
September 2023,Migori County,460,,80,1266
September 2023,Busia County,83,,1,469
September 2023,Kajiado County,115,,,837
September 2023,Kiambu County,9,,1,119
September 2023,Kisumu County,126,,,578
September 2023,Tharaka Nithi County,56,,,362
September 2023,Machakos County,38,,,141
September 2023,Nyeri County,2,,,179
September 2024,Kitui County,136,,,478
September 2024,Makueni County,34,,,83
September 2024,Vihiga County,39,,1,222
September 2024,Samburu County,54,,,266
September 2024,Kirinyaga County,8,,1,53
September 2024,Bomet County,113,,,834
September 2024,Baringo County,340,,,1308
September 2024,Marsabit County,118,,,426
September 2024,Mombasa County,,,,10
September 2024,Garissa County,101,,,620
September 2024,Bungoma County,646,,,2939
September 2024,Meru County,57,,1,135
September 2024,Taita Taveta County,,,,41
September 2024,Kakamega County,146,,,540
September 2024,Nairobi County,268,11,1,762
September 2024,West Pokot County,532,,,1699
September 2024,Wajir County,56,,,693
September 2024,Uasin Gishu County,489,,121,1630
September 2024,Mandera County,52,9,61,300
September 2024,Kilifi County,1,,,15
September 2024,Lamu County,,,,10
September 2024,Tana River County,13,,,195
September 2024,Homa Bay County,165,,2,1169
September 2024,Kisii County,565,,,3251
September 2024,Kiambu County,9,,,57
September 2024,Nyamira County,252,,14,628
September 2024,Nyandarua County,33,,,243
September 2024,Kericho County,379,1,,1849
September 2024,Migori County,434,,12,1436
September 2024,Narok County,994,,8,2805
September 2024,Muranga County,9,,,35
September 2024,Elgeyo Marakwet County,757,,,1268
September 2024,Laikipia County,57,,1,184
September 2024,Turkana County,310,,6,828
September 2024,Kajiado County,107,,,791
September 2024,Busia County,72,,,550
September 2024,Isiolo County,52,,,312
September 2024,Siaya County,40,,30,346
September 2024,Embu County,31,,,284
September 2024,Trans Nzoia County,271,,1320,1537
September 2024,Kisumu County,48,1,6,470
September 2024,Nakuru County,350,,1,1928
September 2024,Nandi County,402,,10,1096
September 2024,Machakos County,36,,,73
September 2024,Tharaka Nithi County,101,,1,457
September 2024,Nyeri County,1,,,151
September 2024,Kwale County,4,5,468,
April 2022,Lamu County,,,,
May 2022,Lamu County,,,,
June 2022,Lamu County,,,,
July 2022,Lamu County,,,,
November 2022,Lamu County,,,,
